Zone,ZONEDESCRIPTION
M2,Light Industrial
M2,Light Industrial
M2,Light Industrial
M2,Light Industrial
M2,Light Industrial
M2,Light Industrial
M2,Light Industrial
M2,Light Industrial
M2,Light Industrial
M2,Light Industrial
M2,Light Industrial
M2,Light Industrial
M2,Light Industrial
M2,Light Industrial
M2,Light Industrial
M2,Light Industrial
M2,Light Industrial
M2,Light Industrial
M2,Light Industrial
M2,Light Industrial
M2,Light Industrial
M2,Light Industrial
M2,Light Industrial
M2,Light Industrial
M2,Light Industrial
M2,Light Industrial
I,Institutional
I,Institutional
I,Institutional
I,Institutional
I,Institutional
I,Institutional
I,Institutional
I,Institutional
I,Institutional
I,Institutional
I,Institutional
I,Institutional
I,Institutional
I,Institutional
I,Institutional
I,Institutional
I,Institutional
I,Institutional
I,Institutional
I,Institutional
I,Institutional
I,Institutional
I,Institutional
I,Institutional
I,Institutional
I,Institutional
I(1),Institutional
I(10),Institutional
I(11),Institutional
I(14),Institutional
I(15),Institutional
I(16),Institutional
I(17),Institutional
I(12),Institutional
I(13),Institutional
I(18),Institutional
I(19),Institutional
I(2),Institutional
I(2),Institutional
I(2),Institutional
I(2),Institutional
I(20),Institutional
I(21),Institutional
I(21),Institutional
I(22),Institutional
I(23),Institutional
I(24),Institutional
I(25),Institutional
I(26),Institutional
I(27),Institutional
I(28),Institutional
I(29),Institutional
I(3),Institutional
I(30),Institutional
I(31),Institutional
I(32),Institutional
I(33),Institutional
I(34),Institutional
I(35),Institutional
I(36),Institutional
I(38),Institutional
I(39),Institutional
I(4),Institutional
I(40),Institutional
I(41),Institutional
I(42),Institutional
I(43),Institutional
I(44),Institutional
I(45),Institutional
I(46),Institutional
I(47),Institutional
I(48),Institutional
I(49),Institutional
I(5),Institutional
I(50),Institutional
I(51),Institutional
I(6),Institutional
I(7),Institutional
I(8),Institutional
I(9),Institutional
I(9),Institutional
M1,Mixed Light Industrial/Service Commercial
M1,Mixed Light Industrial/Service Commercial
M1,Mixed Light Industrial/Service Commercial
M1,Mixed Light Industrial/Service Commercial
M1,Mixed Light Industrial/Service Commercial
M1,Mixed Light Industrial/Service Commercial
M1,Mixed Light Industrial/Service Commercial
M1,Mixed Light Industrial/Service Commercial
M1,Mixed Light Industrial/Service Commercial
M1,Mixed Light Industrial/Service Commercial
M1,Mixed Light Industrial/Service Commercial
M1,Mixed Light Industrial/Service Commercial
M1,Mixed Light Industrial/Service Commercial
M1,Mixed Light Industrial/Service Commercial
M1,Mixed Light Industrial/Service Commercial
M1,Mixed Light Industrial/Service Commercial
M1,Mixed Light Industrial/Service Commercial
M1,Mixed Light Industrial/Service Commercial
M1,Mixed Light Industrial/Service Commercial
M1,Mixed Light Industrial/Service Commercial
M1,Mixed Light Industrial/Service Commercial
M1,Mixed Light Industrial/Service Commercial
M1,Mixed Light Industrial/Service Commercial
M1,Mixed Light Industrial/Service Commercial
M1,Mixed Light Industrial/Service Commercial
M1,Mixed Light Industrial/Service Commercial
M1,Mixed Light Industrial/Service Commercial
M1,Mixed Light Industrial/Service Commercial
M1,Mixed Light Industrial/Service Commercial
M1,Mixed Light Industrial/Service Commercial
M1,Mixed Light Industrial/Service Commercial
M1,Mixed Light Industrial/Service Commercial
M1,Mixed Light Industrial/Service Commercial
M1,Mixed Light Industrial/Service Commercial
M1,Mixed Light Industrial/Service Commercial
M1,Mixed Light Industrial/Service Commercial
M1,Mixed Light Industrial/Service Commercial
M1,Mixed Light Industrial/Service Commercial
M1,Mixed Light Industrial/Service Commercial
M1,Mixed Light Industrial/Service Commercial
M1,Mixed Light Industrial/Service Commercial
M1,Mixed Light Industrial/Service Commercial
M1,Mixed Light Industrial/Service Commercial
M1,Mixed Light Industrial/Service Commercial
M1,Mixed Light Industrial/Service Commercial
M1,Mixed Light Industrial/Service Commercial
M1(1),Mixed Light Industrial/Service Commercial
M1(10),Mixed Light Industrial/Service Commercial
M1(11),Mixed Light Industrial/Service Commercial
M1(12),Mixed Light Industrial/Service Commercial
M1(13),Mixed Light Industrial/Service Commercial
M1(14),Mixed Light Industrial/Service Commercial
M1(15),Mixed Light Industrial/Service Commercial
M1(16),Mixed Light Industrial/Service Commercial
M1(11),Mixed Light Industrial/Service Commercial
M1(17),Mixed Light Industrial/Service Commercial
M1(18),Mixed Light Industrial/Service Commercial
M1(19),Mixed Light Industrial/Service Commercial
M1(2),Mixed Light Industrial/Service Commercial
M1(2),Mixed Light Industrial/Service Commercial
M1(2),Mixed Light Industrial/Service Commercial
M1(20),Mixed Light Industrial/Service Commercial
M1(21),Mixed Light Industrial/Service Commercial
M1(22),Mixed Light Industrial/Service Commercial
M1(23),Mixed Light Industrial/Service Commercial
M1(24),Mixed Light Industrial/Service Commercial
M1(25),Mixed Light Industrial/Service Commercial
M1(26),Mixed Light Industrial/Service Commercial
M1(27),Mixed Light Industrial/Service Commercial
M1(28),Mixed Light Industrial/Service Commercial
M1(29),Mixed Light Industrial/Service Commercial
M1(3),Mixed Light Industrial/Service Commercial
M1(30),Mixed Light Industrial/Service Commercial
M1(32),Mixed Light Industrial/Service Commercial
M1(33),Mixed Light Industrial/Service Commercial
M1(34),Mixed Light Industrial/Service Commercial
M1(35),Mixed Light Industrial/Service Commercial
M1(36),Mixed Light Industrial/Service Commercial
M1(37),Mixed Light Industrial/Service Commercial
M1(38),Mixed Light Industrial/Service Commercial
M1(39),Mixed Light Industrial/Service Commercial
M1(4),Mixed Light Industrial/Service Commercial
M1(40),Mixed Light Industrial/Service Commercial
M1(41),Mixed Light Industrial/Service Commercial
M1(42),Mixed Light Industrial/Service Commercial
M1(43),Mixed Light Industrial/Service Commercial
M1(44),Mixed Light Industrial/Service Commercial
M1(45),Mixed Light Industrial/Service Commercial
M1(46),Mixed Light Industrial/Service Commercial
M1(5),Mixed Light Industrial/Service Commercial
M1(6),Mixed Light Industrial/Service Commercial
M1(7),Mixed Light Industrial/Service Commercial
M1(7),Mixed Light Industrial/Service Commercial
M1(8),Mixed Light Industrial/Service Commercial
M1(9),Mixed Light Industrial/Service Commercial
M1-1,Business Industrial
M1-1,Business Industrial
M1-1,Business Industrial
M1-1,Business Industrial
M1-1,Business Industrial
M1-1,Business Industrial
M1-1,Business Industrial
M1-1,Business Industrial
M1-1,Business Industrial
M1-1,Business Industrial
M1-1,Business Industrial
M1-1,Business Industrial
M1-1,Business Industrial
M1-1,Business Industrial
M1-1,Business Industrial
M1-1,Business Industrial
M1-1,Business Industrial
M1-1,Business Industrial
M1-1,Business Industrial
M1-1,Business Industrial
M1-1,Business Industrial
M1-1,Business Industrial
M1-1,Business Industrial
M1-1,Business Industrial
M1-1,Business Industrial
M1-1,Business Industrial
M1-1,Business Industrial
M1-1,Business Industrial
M1-1,Business Industrial
M1-1,Business Industrial
M1-1,Business Industrial
M1-1,Business Industrial
M1-1,Business Industrial
M1-1,Business Industrial
M1-1,Business Industrial
M1-1,Business Industrial
M1-1,Business Industrial
M1-1,Business Industrial
M1-1,Business Industrial
M1-1,Business Industrial
M1-1,Business Industrial
M1-1,Business Industrial
M1-1,Business Industrial
M1-1,Business Industrial
M1-1(1),Business Industrial
M1-1(10),Business Industrial
M1-1(10),Business Industrial
M1-1(12),Business Industrial
M1-1(13),Business Industrial
M1-1,Business Industrial
M1-1,Business Industrial
M1-1,Business Industrial
M1-1,Business Industrial
M1-1(14),Business Industrial
M1-1(16),Business Industrial
M1-1(17),Business Industrial
M1-1(6),Business Industrial
M1-1(7),Business Industrial
M1-1(8),Business Industrial
M1-1(9),Business Industrial
M2,Light Industrial
M2,Light Industrial
M2,Light Industrial
M2,Light Industrial
M1-1(19),Business Industrial
M1-1(2),Business Industrial
M1-1(20),Business Industrial
M1-1(22),Business Industrial
M1-1(3),Business Industrial
M1-1(4),Business Industrial
M1-1(5),Business Industrial
M2,Light Industrial
R1-2,Low Density Residential One
R1-2,Low Density Residential One
R1-2,Low Density Residential One
R1-2,Low Density Residential One
R1-2,Low Density Residential One
R1-2,Low Density Residential One
R1-2,Low Density Residential One
R1-2,Low Density Residential One
R1-2,Low Density Residential One
R1-2,Low Density Residential One
R1-2,Low Density Residential One
R1-2,Low Density Residential One
R1-2,Low Density Residential One
R1-2,Low Density Residential One
R1-2,Low Density Residential One
R1-2,Low Density Residential One
R1-2(1),Low Density Residential One
R1-2(2),Low Density Residential One
R1-2(3),Low Density Residential One
R1-2(3),Low Density Residential One
R1-2(3),Low Density Residential One
R1-2(4),Low Density Residential One
R1-2.D4,Low Density Residential One
R1-3,Low Density Residential One
R1-3,Low Density Residential One
R1-3,Low Density Residential One
R1-3,Low Density Residential One
R1-3,Low Density Residential One
R1-3,Low Density Residential One
R1-3,Low Density Residential One
R1-3,Low Density Residential One
R1-3,Low Density Residential One
R1-3,Low Density Residential One
R1-3,Low Density Residential One
R1-1,Low Density Residential One
R1-1,Low Density Residential One
R1-1(1),Low Density Residential One
R1-1(10),Low Density Residential One
R1-1(10),Low Density Residential One
R1-1(11),Low Density Residential One
R1-1(12),Low Density Residential One
R1-1(12),Low Density Residential One
R1-1(12),Low Density Residential One
R1-1(12),Low Density Residential One
R1-1(12),Low Density Residential One
R1-1(12),Low Density Residential One
R1-1(12),Low Density Residential One
R1-1(12),Low Density Residential One
R1-1(12),Low Density Residential One
R1-1(12),Low Density Residential One
R1-1(12),Low Density Residential One
R1-1(12),Low Density Residential One
R1-1(12),Low Density Residential One
R1-1(12),Low Density Residential One
R1-1(12),Low Density Residential One
R1-1(12),Low Density Residential One
R1-1(12),Low Density Residential One
R1-1(13),Low Density Residential One
R1-1(14),Low Density Residential One
R1-1(15),Low Density Residential One
R1-1(16),Low Density Residential One
R1-1(17),Low Density Residential One
R1-1(18),Low Density Residential One
R1-1(19),Low Density Residential One
R1-1(2),Low Density Residential One
R1-1(2),Low Density Residential One
R1-1(3),Low Density Residential One
R1-1(4),Low Density Residential One
R1-1(5),Low Density Residential One
R1-1(6),Low Density Residential One
R1-1(6),Low Density Residential One
R1-1(6),Low Density Residential One
R1-1(6),Low Density Residential One
R1-1(6),Low Density Residential One
R1-1(6),Low Density Residential One
R1-1(6),Low Density Residential One
R1-1(7),Low Density Residential One
R1-1(8),Low Density Residential One
R1-1(9),Low Density Residential One
R1-1.D0.5,Low Density Residential One
R1-1.D1,Low Density Residential One
R1-1.D1,Low Density Residential One
R1-1.D1,Low Density Residential One
R1-1.D1,Low Density Residential One
R1-1.D1,Low Density Residential One
R1-1.D1,Low Density Residential One
R1-1.D1,Low Density Residential One
R1-1.D1.25,Low Density Residential One
R1-1.D1.5,Low Density Residential One
R1-2,Low Density Residential One
R1-2,Low Density Residential One
R1-2,Low Density Residential One
R1-2,Low Density Residential One
R1-2,Low Density Residential One
R1-2,Low Density Residential One
R1-2,Low Density Residential One
R1-2,Low Density Residential One
R1-2,Low Density Residential One
R1-2,Low Density Residential One
R1-2,Low Density Residential One
R1-2,Low Density Residential One
R1-2,Low Density Residential One
R1-2,Low Density Residential One
R1-2,Low Density Residential One
R1-2,Low Density Residential One
R1-2,Low Density Residential One
R1-2,Low Density Residential One
R1-2,Low Density Residential One
R1-2,Low Density Residential One
R1-2,Low Density Residential One
R1-2,Low Density Residential One
R1-2,Low Density Residential One
R1-2,Low Density Residential One
R1-2,Low Density Residential One
R1-2,Low Density Residential One
R1-2,Low Density Residential One
R1-2,Low Density Residential One
R1-2,Low Density Residential One
R1-2,Low Density Residential One
R1-2,Low Density Residential One
R1-2,Low Density Residential One
R1-2,Low Density Residential One
R1-2,Low Density Residential One
R1-2,Low Density Residential One
R1-2,Low Density Residential One
R1-2,Low Density Residential One
R1-2,Low Density Residential One
R1-2,Low Density Residential One
R1-2,Low Density Residential One
R1-2,Low Density Residential One
R1-2,Low Density Residential One
R1-2,Low Density Residential One
R1-2,Low Density Residential One
R1-2,Low Density Residential One
R1-2,Low Density Residential One
R1-2,Low Density Residential One
R1-2,Low Density Residential One
R1-2,Low Density Residential One
R1-2,Low Density Residential One
R1-2,Low Density Residential One
R1-2,Low Density Residential One
R1-2,Low Density Residential One
R1-2,Low Density Residential One
R1-2,Low Density Residential One
R1-2,Low Density Residential One
R1-2,Low Density Residential One
R1-2,Low Density Residential One
R1-2,Low Density Residential One
R1-2,Low Density Residential One
R1-2,Low Density Residential One
R1-2,Low Density Residential One
R1-2,Low Density Residential One
R1-2,Low Density Residential One
R1-2,Low Density Residential One
R1-2,Low Density Residential One
R1-2,Low Density Residential One
R1-2,Low Density Residential One
R1-2,Low Density Residential One
R1-2,Low Density Residential One
R1-2,Low Density Residential One
R1-2,Low Density Residential One
R1-2,Low Density Residential One
R1-2,Low Density Residential One
R1-2,Low Density Residential One
R1-2,Low Density Residential One
R1-2,Low Density Residential One
R1-2,Low Density Residential One
R1-2,Low Density Residential One
R1-2,Low Density Residential One
R1-2,Low Density Residential One
R1-2,Low Density Residential One
R1-2,Low Density Residential One
R1-2,Low Density Residential One
R1-2,Low Density Residential One
R1-2,Low Density Residential One
R1-2,Low Density Residential One
R1-2,Low Density Residential One
R1-2,Low Density Residential One
R1-2,Low Density Residential One
R1-2,Low Density Residential One
R1-2,Low Density Residential One
R1-2,Low Density Residential One
R1-2,Low Density Residential One
R1-2,Low Density Residential One
R1-2,Low Density Residential One
R1-2,Low Density Residential One
R1-2,Low Density Residential One
R1-2,Low Density Residential One
R1-2,Low Density Residential One
R1-2,Low Density Residential One
R1-2,Low Density Residential One
R1-2,Low Density Residential One
R1-2,Low Density Residential One
R1-2,Low Density Residential One
R1-2,Low Density Residential One
R1-2,Low Density Residential One
R1-2,Low Density Residential One
R1-2,Low Density Residential One
R1-2,Low Density Residential One
R1-2,Low Density Residential One
R1-2,Low Density Residential One
R1-2,Low Density Residential One
R1-2,Low Density Residential One
R1-2,Low Density Residential One
R1-2,Low Density Residential One
R1-2,Low Density Residential One
R1-2,Low Density Residential One
R1-2,Low Density Residential One
R1-2,Low Density Residential One
R1-2,Low Density Residential One
R1-2,Low Density Residential One
R1-2,Low Density Residential One
R1-2,Low Density Residential One
R1-2,Low Density Residential One
R1-2,Low Density Residential One
R1-2,Low Density Residential One
R1-2,Low Density Residential One
R1-2,Low Density Residential One
R1-2,Low Density Residential One
R1-2,Low Density Residential One
R1-2,Low Density Residential One
R1-2,Low Density Residential One
R1-2,Low Density Residential One
R1-2,Low Density Residential One
R1-2,Low Density Residential One
R1-2,Low Density Residential One
R1-2,Low Density Residential One
R1-2,Low Density Residential One
R1-2,Low Density Residential One
R1-2,Low Density Residential One
R1-2,Low Density Residential One
R1-2,Low Density Residential One
R1-2,Low Density Residential One
R1-2,Low Density Residential One
R1-2,Low Density Residential One
R1-2,Low Density Residential One
R1-2,Low Density Residential One
R1-2,Low Density Residential One
R1-2,Low Density Residential One
R1-2,Low Density Residential One
R1-2,Low Density Residential One
R1-5,Low Density Residential One
R1-5,Low Density Residential One
R1-5,Low Density Residential One
R1-5,Low Density Residential One
R1-5,Low Density Residential One
R1-5,Low Density Residential One
R1-5,Low Density Residential One
R1-5,Low Density Residential One
R1-5,Low Density Residential One
R1-5,Low Density Residential One
R1-5,Low Density Residential One
R1-5,Low Density Residential One
R1-5,Low Density Residential One
R1-5,Low Density Residential One
R1-5,Low Density Residential One
R1-5,Low Density Residential One
R1-5,Low Density Residential One
R1-5,Low Density Residential One
R1-5,Low Density Residential One
R1-5,Low Density Residential One
R1-5,Low Density Residential One
R1-5,Low Density Residential One
R1-5,Low Density Residential One
R1-5,Low Density Residential One
R1-5,Low Density Residential One
R1-5,Low Density Residential One
R1-5,Low Density Residential One
R1-5,Low Density Residential One
R1-5,Low Density Residential One
R1-5,Low Density Residential One
R1-5,Low Density Residential One
R1-5,Low Density Residential One
R1-5,Low Density Residential One
R1-5,Low Density Residential One
R1-5,Low Density Residential One
R1-5,Low Density Residential One
R1-5,Low Density Residential One
R1-5,Low Density Residential One
R1-5,Low Density Residential One
R1-5,Low Density Residential One
R1-5,Low Density Residential One
R1-5,Low Density Residential One
R1-5,Low Density Residential One
R1-5,Low Density Residential One
R1-5,Low Density Residential One
R1-5,Low Density Residential One
R1-5,Low Density Residential One
R1-5,Low Density Residential One
R1-5,Low Density Residential One
R1-5,Low Density Residential One
R1-5,Low Density Residential One
R1-5,Low Density Residential One
R1-5,Low Density Residential One
R1-5,Low Density Residential One
R1-5,Low Density Residential One
R1-5,Low Density Residential One
R1-5,Low Density Residential One
R1-5,Low Density Residential One
R1-5,Low Density Residential One
R1-5,Low Density Residential One
R1-5,Low Density Residential One
R1-5,Low Density Residential One
R1-5,Low Density Residential One
R1-5,Low Density Residential One
R1-5,Low Density Residential One
R1-5,Low Density Residential One
R1-5,Low Density Residential One
R1-5,Low Density Residential One
R1-5,Low Density Residential One
R1-5,Low Density Residential One
R1-5,Low Density Residential One
R1-5,Low Density Residential One
R1-5,Low Density Residential One
R1-5,Low Density Residential One
R1-5,Low Density Residential One
R1-5,Low Density Residential One
R1-5,Low Density Residential One
R1-5,Low Density Residential One
R1-5,Low Density Residential One
R1-5,Low Density Residential One
R1-5,Low Density Residential One
R1-5,Low Density Residential One
R1-5,Low Density Residential One
R1-5,Low Density Residential One
R1-5,Low Density Residential One
R1-5,Low Density Residential One
R1-5,Low Density Residential One
R1-5,Low Density Residential One
R1-5,Low Density Residential One
R1-5,Low Density Residential One
R1-5,Low Density Residential One
R1-5,Low Density Residential One
R1-5,Low Density Residential One
R1-5,Low Density Residential One
R1-5,Low Density Residential One
R1-5,Low Density Residential One
R1-5,Low Density Residential One
R1-5,Low Density Residential One
R1-5,Low Density Residential One
R1-5,Low Density Residential One
R1-5,Low Density Residential One
R1-5,Low Density Residential One
R1-5,Low Density Residential One
R1-5,Low Density Residential One
R1-5,Low Density Residential One
R1-5,Low Density Residential One
R1-5,Low Density Residential One
R1-5,Low Density Residential One
R1-5,Low Density Residential One
R1-5,Low Density Residential One
R1-5,Low Density Residential One
R1-5,Low Density Residential One
R1-5,Low Density Residential One
R1-5,Low Density Residential One
R1-5,Low Density Residential One
R1-5,Low Density Residential One
R1-5,Low Density Residential One
R1-5,Low Density Residential One
R1-5,Low Density Residential One
R1-5,Low Density Residential One
R1-5,Low Density Residential One
R1-5,Low Density Residential One
R1-5,Low Density Residential One
R1-5,Low Density Residential One
R1-5,Low Density Residential One
R1-5,Low Density Residential One
R1-5,Low Density Residential One
R1-5,Low Density Residential One
R1-5,Low Density Residential One
R1-5,Low Density Residential One
R1-5,Low Density Residential One
R1-5,Low Density Residential One
R1-5,Low Density Residential One
R1-5,Low Density Residential One
R1-5,Low Density Residential One
R1-5,Low Density Residential One
R1-5,Low Density Residential One
R1-5,Low Density Residential One
R1-5,Low Density Residential One
R1-5,Low Density Residential One
R1-5,Low Density Residential One
R1-5,Low Density Residential One
R1-5,Low Density Residential One
R1-5,Low Density Residential One
R1-5,Low Density Residential One
R1-5,Low Density Residential One
R1-5,Low Density Residential One
R1-5,Low Density Residential One
R1-5,Low Density Residential One
R1-5,Low Density Residential One
R1-5,Low Density Residential One
R1-5,Low Density Residential One
R1-5,Low Density Residential One
R1-5,Low Density Residential One
R1-5,Low Density Residential One
R1-5,Low Density Residential One
R1-5,Low Density Residential One
R1-5,Low Density Residential One
R1-5,Low Density Residential One
R1-5,Low Density Residential One
R1-5,Low Density Residential One
R1-5,Low Density Residential One
R1-5,Low Density Residential One
R1-5,Low Density Residential One
R1-5,Low Density Residential One
R1-5,Low Density Residential One
R1-5,Low Density Residential One
R1-5,Low Density Residential One
R1-5,Low Density Residential One
R1-5,Low Density Residential One
R1-5,Low Density Residential One
R1-5,Low Density Residential One
R1-5,Low Density Residential One
R1-5,Low Density Residential One
R1-5,Low Density Residential One
R1-5,Low Density Residential One
R1-5,Low Density Residential One
R1-5,Low Density Residential One
R1-5,Low Density Residential One
RU(84),Rural
RU(85),Rural
RU(82),Rural
RU(83),Rural
RU(86),Rural
RU(87),Rural
RU(88),Rural
RU(89),Rural
RU(9),Rural
RU(90),Rural
RU(91),Rural
RU(92),Rural
RU(93),Rural
RU(94),Rural
RU(95),Rural
SLS,Seasonal Limited Service
SLS,Seasonal Limited Service
SLS,Seasonal Limited Service
SLS,Seasonal Limited Service
SLS,Seasonal Limited Service
SLS,Seasonal Limited Service
SLS,Seasonal Limited Service
SLS,Seasonal Limited Service
SLS,Seasonal Limited Service
SLS,Seasonal Limited Service
SLS,Seasonal Limited Service
SLS,Seasonal Limited Service
SLS,Seasonal Limited Service
SLS,Seasonal Limited Service
SLS,Seasonal Limited Service
SLS,Seasonal Limited Service
SLS,Seasonal Limited Service
SLS,Seasonal Limited Service
SLS,Seasonal Limited Service
SLS,Seasonal Limited Service
SLS,Seasonal Limited Service
SLS,Seasonal Limited Service
SLS,Seasonal Limited Service
SLS,Seasonal Limited Service
SLS,Seasonal Limited Service
SLS,Seasonal Limited Service
SLS,Seasonal Limited Service
SLS,Seasonal Limited Service
SLS,Seasonal Limited Service
SLS,Seasonal Limited Service
SLS,Seasonal Limited Service
SLS,Seasonal Limited Service
SLS,Seasonal Limited Service
RU,Rural
RU,Rural
RU,Rural
RU,Rural
RU,Rural
RU,Rural
RU,Rural
RU,Rural
RU,Rural
RU,Rural
RU,Rural
RU,Rural
RU,Rural
RU,Rural
RU,Rural
RU,Rural
RU,Rural
RU,Rural
RU,Rural
RU,Rural
RU,Rural
RU,Rural
RU,Rural
RU,Rural
RU,Rural
RU,Rural
RU,Rural
RU,Rural
RU,Rural
RU,Rural
RU,Rural
RU,Rural
RU,Rural
RU,Rural
RU,Rural
RU,Rural
RU,Rural
RU,Rural
RU,Rural
RU,Rural
RU,Rural
RU,Rural
RU,Rural
RU,Rural
RU,Rural
RU,Rural
RU,Rural
RU,Rural
RU,Rural
RU,Rural
RU,Rural
RU,Rural
RU,Rural
RU,Rural
RU,Rural
RU,Rural
RU,Rural
RU,Rural
RU,Rural
RU,Rural
RU,Rural
RU,Rural
RU,Rural
RU,Rural
RU,Rural
RU,Rural
RU,Rural
RU,Rural
RU,Rural
RU,Rural
RU,Rural
RU,Rural
RU,Rural
RU,Rural
RU,Rural
RU,Rural
RU,Rural
RU,Rural
RU,Rural
RU,Rural
RU,Rural
RU,Rural
RU,Rural
RU,Rural
RU,Rural
RU,Rural
RU,Rural
RU,Rural
RU,Rural
RU,Rural
RU,Rural
RU,Rural
RU,Rural
RU,Rural
RU,Rural
RU,Rural
RU,Rural
RU,Rural
RU,Rural
RU,Rural
RU,Rural
RU,Rural
RU,Rural
RU,Rural
RU,Rural
RU,Rural
RU,Rural
RU,Rural
RU,Rural
RU,Rural
RU,Rural
RU(1),Rural
RU(10),Rural
RU(11),Rural
RU(11),Rural
RU(12),Rural
RU(13),Rural
RU(14),Rural
RU(15),Rural
RU(16),Rural
RU(17),Rural
RU(18),Rural
RU(19),Rural
RU(2),Rural
RU(20),Rural
RU(21),Rural
RU(22),Rural
RU(23),Rural
RU(24),Rural
RU(25),Rural
RU(26),Rural
RU(27),Rural
RU(27),Rural
RU(27),Rural
RU(27),Rural
RU(27),Rural
RU(27),Rural
RU(28),Rural
RU(28),Rural
RU(28),Rural
RU(28),Rural
RU(29),Rural
RU(3),Rural
RU(30),Rural
RU(31),Rural
RU(32),Rural
RU(32),Rural
RU(32),Rural
RU(32),Rural
RU(32),Rural
RU(33),Rural
RU(34),Rural
RU(35),Rural
RU(36),Rural
RU(37),Rural
RU(38),Rural
RU(39),Rural
RU(4),Rural
RU(40),Rural
RU(41),Rural
RU(42),Rural
RU(42),Rural
RU(42),Rural
RU(43),Rural
RU(44),Rural
RU(44),Rural
RU(45),Rural
RU(45),Rural
RU(45),Rural
RU(45),Rural
RU(46),Rural
RU(47),Rural
RU(48),Rural
RU(5),Rural
RU(50),Rural
RU(51),Rural
RU(52),Rural
RU(52),Rural
RU(53),Rural
RU(54),Rural
RU(55),Rural
RU(56),Rural
RU(58),Rural
RU(49),Rural
RU(59),Rural
RU(6),Rural
RU(60),Rural
RU(61),Rural
RU(62),Rural
RU(63),Rural
RU(64),Rural
RU(65),Rural
RU(66),Rural
RU(67),Rural
RU(67),Rural
RU(67),Rural
RU(68),Rural
RU(69),Rural
RU(7),Rural
RU(70),Rural
RU(71),Rural
RU(72),Rural
RU(73),Rural
RU(74),Rural
RU(75),Rural
RU(76),Rural
RU(76),Rural
RU(77),Rural
RU(78),Rural
RU(79),Rural
RU(80),Rural
RU(81),Rural
RU(82),Rural
SLS(4),Seasonal Limited Service
SLS(4),Seasonal Limited Service
SLS(4),Seasonal Limited Service
SLS(4),Seasonal Limited Service
SLS(4),Seasonal Limited Service
SLS(4),Seasonal Limited Service
SLS(4),Seasonal Limited Service
SLS(4),Seasonal Limited Service
SLS(4),Seasonal Limited Service
SLS(4),Seasonal Limited Service
SLS(4),Seasonal Limited Service
SLS(4),Seasonal Limited Service
SLS(4),Seasonal Limited Service
SLS(4),Seasonal Limited Service
SLS(4),Seasonal Limited Service
SLS(4),Seasonal Limited Service
SLS(4),Seasonal Limited Service
SLS(4),Seasonal Limited Service
SLS,Seasonal Limited Service
SLS,Seasonal Limited Service
SLS,Seasonal Limited Service
SLS,Seasonal Limited Service
SLS,Seasonal Limited Service
SLS,Seasonal Limited Service
SLS,Seasonal Limited Service
SLS,Seasonal Limited Service
SLS,Seasonal Limited Service
SLS,Seasonal Limited Service
SLS,Seasonal Limited Service
SLS,Seasonal Limited Service
SLS,Seasonal Limited Service
SLS,Seasonal Limited Service
SLS,Seasonal Limited Service
SLS,Seasonal Limited Service
SLS,Seasonal Limited Service
SLS,Seasonal Limited Service
SLS,Seasonal Limited Service
SLS,Seasonal Limited Service
SLS,Seasonal Limited Service
SLS,Seasonal Limited Service
SLS,Seasonal Limited Service
SLS,Seasonal Limited Service
SLS,Seasonal Limited Service
SLS,Seasonal Limited Service
SLS,Seasonal Limited Service
